id,reason,recipient,body,date
CERT9781955662093CPT830641119,"in recognition of their invaluable contribution as an author for the successful publication of the chapter titled: The Digital Symbiosis: Redefining Human Identity in the Age of AI Co-Evolution in the internationally published book
'Digital Symbiosis: Co-Evolving AI and Humanity in an Age of Sustainability'
(ISBN: 978-1-955662-09-3)",Jia Tianyi,Oliver Sinclair,"Nov. 3, 2025"
CERT9781955662093CPT855358648,"in recognition of their invaluable contribution as an author for the successful publication of the chapter titled: Ethical Frameworks for Human-AI Collaboration in Environmental Conservation. in the internationally published book
'Digital Symbiosis: Co-Evolving AI and Humanity in an Age of Sustainability'
(ISBN: 978-1-955662-09-3)",Liu Wenxin,Oliver Sinclair,"Nov. 3, 2025"
CERT9781955662093CPT727913806,"in recognition of their invaluable contribution as an author for the successful publication of the chapter titled: Ethical Frameworks for Human-AI Collaboration in Environmental Conservation. in the internationally published book
'Digital Symbiosis: Co-Evolving AI and Humanity in an Age of Sustainability'
(ISBN: 978-1-955662-09-3)",Chen Qihan,Oliver Sinclair,"Nov. 3, 2025"
CERT9781955662093CPT438370479,"in recognition of their invaluable contribution as an author for the successful publication of the chapter titled: Co-Evolving Consciousness: Philosophical Implications of Human-AI Integration. in the internationally published book
'Digital Symbiosis: Co-Evolving AI and Humanity in an Age of Sustainability'
(ISBN: 978-1-955662-09-3)",Wang Zixuan,Oliver Sinclair,"Nov. 3, 2025"
CERT9781955662093CPT708304190,"in recognition of their invaluable contribution as an author for the successful publication of the chapter titled: Co-Evolving Consciousness: Philosophical Implications of Human-AI Integration. in the internationally published book
'Digital Symbiosis: Co-Evolving AI and Humanity in an Age of Sustainability'
(ISBN: 978-1-955662-09-3)",Li Minghao,Oliver Sinclair,"Nov. 3, 2025"
CERT9781955662093CPT189353149,"in recognition of their invaluable contribution as an author for the successful publication of the chapter titled: Human-AI Partnerships in Creative Expression: A New Frontier for Sustainability Communication. in the internationally published book
'Digital Symbiosis: Co-Evolving AI and Humanity in an Age of Sustainability'
(ISBN: 978-1-955662-09-3)",Zhang Yuxin,Oliver Sinclair,"Nov. 3, 2025"
CERT9781955662093CPT528267416,"in recognition of their invaluable contribution as an author for the successful publication of the chapter titled: Human-AI Partnerships in Creative Expression: A New Frontier for Sustainability Communication. in the internationally published book
'Digital Symbiosis: Co-Evolving AI and Humanity in an Age of Sustainability'
(ISBN: 978-1-955662-09-3)",Yang Haoran,Oliver Sinclair,"Nov. 3, 2025"
CERT9781955662093CPT145061096,"in recognition of their invaluable contribution as an author for the successful publication of the chapter titled: AI-Powered Environmental Monitoring Systems: A Double-Edged Sword for Sustainability. in the internationally published book
'Digital Symbiosis: Co-Evolving AI and Humanity in an Age of Sustainability'
(ISBN: 978-1-955662-09-3)",Zhao Yinuo,Oliver Sinclair,"Nov. 3, 2025"
CERT9781955662093CPT469962075,"in recognition of their invaluable contribution as an author for the successful publication of the chapter titled: AI-Powered Environmental Monitoring Systems: A Double-Edged Sword for Sustainability. in the internationally published book
'Digital Symbiosis: Co-Evolving AI and Humanity in an Age of Sustainability'
(ISBN: 978-1-955662-09-3)",Wu Zihan,Oliver Sinclair,"Nov. 3, 2025"
CERT9781955662093CPT967822658,"in recognition of their invaluable contribution as an author for the successful publication of the chapter titled: The Algorithmic Bias in Sustainability AI: A Threat to Environmental Justice? in the internationally published book
'Digital Symbiosis: Co-Evolving AI and Humanity in an Age of Sustainability'
(ISBN: 978-1-955662-09-3)",Qian Yichen,Oliver Sinclair,"Nov. 3, 2025"
CERT9781955662093CPT674809347,"in recognition of their invaluable contribution as an author for the successful publication of the chapter titled: The Algorithmic Bias in Sustainability AI: A Threat to Environmental Justice? in the internationally published book
'Digital Symbiosis: Co-Evolving AI and Humanity in an Age of Sustainability'
(ISBN: 978-1-955662-09-3)",Sun Xinyi,Oliver Sinclair,"Nov. 3, 2025"
CERT9781955662093CPT984388811,"in recognition of their invaluable contribution as an author for the successful publication of the chapter titled: AI and the Decarbonization of Global Supply Chains in the internationally published book
'Digital Symbiosis: Co-Evolving AI and Humanity in an Age of Sustainability'
(ISBN: 978-1-955662-09-3)",Zhou Haoyu,Oliver Sinclair,"Nov. 3, 2025"
CERT9781955662093CPT964618515,"in recognition of their invaluable contribution as an author for the successful publication of the chapter titled: AI and the Decarbonization of Global Supply Chains in the internationally published book
'Digital Symbiosis: Co-Evolving AI and Humanity in an Age of Sustainability'
(ISBN: 978-1-955662-09-3)",Ma Yuxuan,Oliver Sinclair,"Nov. 3, 2025"
CERT9781955662093CPT498297731,"in recognition of their invaluable contribution as an author for the successful publication of the chapter titled: AI-Enhanced Education for a Sustainable Future: A Global Perspective in the internationally published book
'Digital Symbiosis: Co-Evolving AI and Humanity in an Age of Sustainability'
(ISBN: 978-1-955662-09-3)",Yu Ruoyan,Oliver Sinclair,"Nov. 3, 2025"
CERT9781955662093CPT467610735,"in recognition of their invaluable contribution as an author for the successful publication of the chapter titled: AI-Enhanced Education for a Sustainable Future: A Global Perspective in the internationally published book
'Digital Symbiosis: Co-Evolving AI and Humanity in an Age of Sustainability'
(ISBN: 978-1-955662-09-3)",Hu Yuhan,Oliver Sinclair,"Nov. 3, 2025"
CERT9781955662093CPT815804634,"in recognition of their invaluable contribution as an author for the successful publication of the chapter titled: AI's Role in Protecting Biodiversity and Preventing Extinction in the internationally published book
'Digital Symbiosis: Co-Evolving AI and Humanity in an Age of Sustainability'
(ISBN: 978-1-955662-09-3)",Lin Yize,Oliver Sinclair,"Nov. 3, 2025"
CERT9781955662093CPT729430035,"in recognition of their invaluable contribution as an author for the successful publication of the chapter titled: AI's Role in Protecting Biodiversity and Preventing Extinction in the internationally published book
'Digital Symbiosis: Co-Evolving AI and Humanity in an Age of Sustainability'
(ISBN: 978-1-955662-09-3)",Guo Zixuan,Oliver Sinclair,"Nov. 3, 2025"
CERT9781955662093CPT372108242,"in recognition of their invaluable contribution as an author for the successful publication of the chapter titled: The Symbiotic Relationship between AI and Renewable Energy Grids in the internationally published book
'Digital Symbiosis: Co-Evolving AI and Humanity in an Age of Sustainability'
(ISBN: 978-1-955662-09-3)",Wang Zihan,Oliver Sinclair,"Nov. 3, 2025"
CERT9781955662093CPT499747182,"in recognition of their invaluable contribution as an author for the successful publication of the chapter titled: The Symbiotic Relationship between AI and Renewable Energy Grids in the internationally published book
'Digital Symbiosis: Co-Evolving AI and Humanity in an Age of Sustainability'
(ISBN: 978-1-955662-09-3)",Gao Yinuo,Oliver Sinclair,"Nov. 3, 2025"
CERT9781955662093CPT171715400,"in recognition of their invaluable contribution as an author for the successful publication of the chapter titled: The Impact of AI on Water Scarcity and Sustainable Water Management in the internationally published book
'Digital Symbiosis: Co-Evolving AI and Humanity in an Age of Sustainability'
(ISBN: 978-1-955662-09-3)",Luo Zihan,Oliver Sinclair,"Nov. 3, 2025"
CERT9781955662093CPT230936181,"in recognition of their invaluable contribution as an author for the successful publication of the chapter titled: The Impact of AI on Water Scarcity and Sustainable Water Management in the internationally published book
'Digital Symbiosis: Co-Evolving AI and Humanity in an Age of Sustainability'
(ISBN: 978-1-955662-09-3)",Song Yuxin,Oliver Sinclair,"Nov. 3, 2025"
CERT9781955662093CPT112073696,"in recognition of their invaluable contribution as an author for the successful publication of the chapter titled: AI and the Preservation of Indigenous Knowledge for Sustainability in the internationally published book
'Digital Symbiosis: Co-Evolving AI and Humanity in an Age of Sustainability'
(ISBN: 978-1-955662-09-3)",Cheng Haoran,Oliver Sinclair,"Nov. 3, 2025"
CERT9781955662093CPT670695882,"in recognition of their invaluable contribution as an author for the successful publication of the chapter titled: AI and the Preservation of Indigenous Knowledge for Sustainability in the internationally published book
'Digital Symbiosis: Co-Evolving AI and Humanity in an Age of Sustainability'
(ISBN: 978-1-955662-09-3)",Xie Yinuo,Oliver Sinclair,"Nov. 3, 2025"
CERT9781955662093CPT129887968,"in recognition of their invaluable contribution as an author for the successful publication of the chapter titled: Digital Symbiosis and Healthcare: AI's Role in Global Health Sustainability in the internationally published book
'Digital Symbiosis: Co-Evolving AI and Humanity in an Age of Sustainability'
(ISBN: 978-1-955662-09-3)",Han Zixuan,Oliver Sinclair,"Nov. 3, 2025"
CERT9781955662093CPT641121283,"in recognition of their invaluable contribution as an author for the successful publication of the chapter titled: Digital Symbiosis and Healthcare: AI's Role in Global Health Sustainability in the internationally published book
'Digital Symbiosis: Co-Evolving AI and Humanity in an Age of Sustainability'
(ISBN: 978-1-955662-09-3)",Zhang Zhaolu,Oliver Sinclair,"Nov. 3, 2025"
CERT9781955662093CPT745696442,"in recognition of their invaluable contribution as an author for the successful publication of the chapter titled: The Co-Evolution of Language and Culture in a Human-AI Symbiotic Society in the internationally published book
'Digital Symbiosis: Co-Evolving AI and Humanity in an Age of Sustainability'
(ISBN: 978-1-955662-09-3)",Liang Yuxin,Oliver Sinclair,"Nov. 3, 2025"
CERT9781955662093CPT464888097,"in recognition of their invaluable contribution as an author for the successful publication of the chapter titled: The Co-Evolution of Language and Culture in a Human-AI Symbiotic Society in the internationally published book
'Digital Symbiosis: Co-Evolving AI and Humanity in an Age of Sustainability'
(ISBN: 978-1-955662-09-3)",Ye Haoran,Oliver Sinclair,"Nov. 3, 2025"
CERT9781955662093CPT524260747,"in recognition of their invaluable contribution as an author for the successful publication of the chapter titled: The Ethics of AI in Predicting and Mitigating Social Crises for a Sustainable Society in the internationally published book
'Digital Symbiosis: Co-Evolving AI and Humanity in an Age of Sustainability'
(ISBN: 978-1-955662-09-3)",Feng Zihan,Oliver Sinclair,"Nov. 3, 2025"
CERT9781955662093CPT868745151,"in recognition of their invaluable contribution as an author for the successful publication of the chapter titled: The Ethics of AI in Predicting and Mitigating Social Crises for a Sustainable Society in the internationally published book
'Digital Symbiosis: Co-Evolving AI and Humanity in an Age of Sustainability'
(ISBN: 978-1-955662-09-3)",Dong Yichen,Oliver Sinclair,"Nov. 3, 2025"
CERT9781955662093CPT870120452,"in recognition of their invaluable contribution as an author for the successful publication of the chapter titled: The Role of AI in Empowering Local Communities for Sustainable Development in the internationally published book
'Digital Symbiosis: Co-Evolving AI and Humanity in an Age of Sustainability'
(ISBN: 978-1-955662-09-3)",Cao Yinuo,Oliver Sinclair,"Nov. 3, 2025"
CERT9781955662093CPT385824905,"in recognition of their invaluable contribution as an author for the successful publication of the chapter titled: The Role of AI in Empowering Local Communities for Sustainable Development in the internationally published book
'Digital Symbiosis: Co-Evolving AI and Humanity in an Age of Sustainability'
(ISBN: 978-1-955662-09-3)",Yuan Zixuan,Oliver Sinclair,"Nov. 3, 2025"
CERT9781955662093CPT632349032,"in recognition of their invaluable contribution as an author for the successful publication of the chapter titled: Co-designing Sustainable Futures: A Human-AI Participatory Approach in the internationally published book
'Digital Symbiosis: Co-Evolving AI and Humanity in an Age of Sustainability'
(ISBN: 978-1-955662-09-3)",Wang Yizhuo,Oliver Sinclair,"Nov. 3, 2025"
CERT9781955662093CPT413352885,"in recognition of their invaluable contribution as an author for the successful publication of the chapter titled: Co-designing Sustainable Futures: A Human-AI Participatory Approach in the internationally published book
'Digital Symbiosis: Co-Evolving AI and Humanity in an Age of Sustainability'
(ISBN: 978-1-955662-09-3)",Huang Yuxin,Oliver Sinclair,"Nov. 3, 2025"
CERT9781955662093CPT457247664,"in recognition of their invaluable contribution as an author for the successful publication of the chapter titled: AI for Sustainable Tourism: Balancing Economic Growth and Environmental Protection in the internationally published book
'Digital Symbiosis: Co-Evolving AI and Humanity in an Age of Sustainability'
(ISBN: 978-1-955662-09-3)",Jin Haoran,Oliver Sinclair,"Nov. 3, 2025"
CERT9781955662093CPT209699956,"in recognition of their invaluable contribution as an author for the successful publication of the chapter titled: AI for Sustainable Tourism: Balancing Economic Growth and Environmental Protection in the internationally published book
'Digital Symbiosis: Co-Evolving AI and Humanity in an Age of Sustainability'
(ISBN: 978-1-955662-09-3)",Wei Zihan,Oliver Sinclair,"Nov. 3, 2025"
CERT9781955662093CPT948622247,"in recognition of their invaluable contribution as an author for the successful publication of the chapter titled: AI and the Fight Against Illegal Deforestation and Wildlife Trafficking in the internationally published book
'Digital Symbiosis: Co-Evolving AI and Humanity in an Age of Sustainability'
(ISBN: 978-1-955662-09-3)",Yan Yichen,Oliver Sinclair,"Nov. 3, 2025"
CERT9781955662093CPT134472018,"in recognition of their invaluable contribution as an author for the successful publication of the chapter titled: AI and the Fight Against Illegal Deforestation and Wildlife Trafficking in the internationally published book
'Digital Symbiosis: Co-Evolving AI and Humanity in an Age of Sustainability'
(ISBN: 978-1-955662-09-3)",Su Yinuo,Oliver Sinclair,"Nov. 3, 2025"
CERT9781955662093CPT732657274,"in recognition of their invaluable contribution as an author for the successful publication of the chapter titled: Human-AI Teaming in Scientific Research for Accelerated Sustainability Breakthroughs in the internationally published book
'Digital Symbiosis: Co-Evolving AI and Humanity in an Age of Sustainability'
(ISBN: 978-1-955662-09-3)",Cai Zixuan,Oliver Sinclair,"Nov. 3, 2025"
CERT9781955662093CPT924132838,"in recognition of their invaluable contribution as an author for the successful publication of the chapter titled: Human-AI Teaming in Scientific Research for Accelerated Sustainability Breakthroughs in the internationally published book
'Digital Symbiosis: Co-Evolving AI and Humanity in an Age of Sustainability'
(ISBN: 978-1-955662-09-3)",Ding Minghao,Oliver Sinclair,"Nov. 3, 2025"
CERT9781955662093CPT477547700,"in recognition of their invaluable contribution as an author for the successful publication of the chapter titled: AI-Powered Personalized Learning for Environmental Literacy in the internationally published book
'Digital Symbiosis: Co-Evolving AI and Humanity in an Age of Sustainability'
(ISBN: 978-1-955662-09-3)",Cen Yuxin,Oliver Sinclair,"Nov. 3, 2025"
CERT9781955662093CPT531727277,"in recognition of their invaluable contribution as an author for the successful publication of the chapter titled: AI-Powered Personalized Learning for Environmental Literacy in the internationally published book
'Digital Symbiosis: Co-Evolving AI and Humanity in an Age of Sustainability'
(ISBN: 978-1-955662-09-3)",Yao Haoran,Oliver Sinclair,"Nov. 3, 2025"
CERT9781955662093CPT950352634,"in recognition of their invaluable contribution as an author for the successful publication of the chapter titled: AI and the Ethics of Resource Allocation in a Climate-Changed World in the internationally published book
'Digital Symbiosis: Co-Evolving AI and Humanity in an Age of Sustainability'
(ISBN: 978-1-955662-09-3)",Zou Zihan,Oliver Sinclair,"Nov. 3, 2025"
CERT9781955662093CPT547401713,"in recognition of their invaluable contribution as an author for the successful publication of the chapter titled: AI and the Ethics of Resource Allocation in a Climate-Changed World in the internationally published book
'Digital Symbiosis: Co-Evolving AI and Humanity in an Age of Sustainability'
(ISBN: 978-1-955662-09-3)",Ren Yichen,Oliver Sinclair,"Nov. 3, 2025"
CERT9781955662093CPT757436339,"in recognition of their invaluable contribution as an author for the successful publication of the chapter titled: The Symbiotic Relationship Between AI and Citizen Science for Environmental Data Collection in the internationally published book
'Digital Symbiosis: Co-Evolving AI and Humanity in an Age of Sustainability'
(ISBN: 978-1-955662-09-3)",Dai Yinuo,Oliver Sinclair,"Nov. 3, 2025"
CERT9781955662093CPT612951475,"in recognition of their invaluable contribution as an author for the successful publication of the chapter titled: The Symbiotic Relationship Between AI and Citizen Science for Environmental Data Collection in the internationally published book
'Digital Symbiosis: Co-Evolving AI and Humanity in an Age of Sustainability'
(ISBN: 978-1-955662-09-3)",Jiang Zixuan,Oliver Sinclair,"Nov. 3, 2025"
CERT9781955662093CPT676864188,"in recognition of their invaluable contribution as an author for the successful publication of the chapter titled: The Future of Sustainable Manufacturing: A Human-AI Collaborative Approach in the internationally published book
'Digital Symbiosis: Co-Evolving AI and Humanity in an Age of Sustainability'
(ISBN: 978-1-955662-09-3)",Xue Minghao,Oliver Sinclair,"Nov. 3, 2025"
CERT9781955662093CPT581474297,"in recognition of their invaluable contribution as an author for the successful publication of the chapter titled: The Future of Sustainable Manufacturing: A Human-AI Collaborative Approach in the internationally published book
'Digital Symbiosis: Co-Evolving AI and Humanity in an Age of Sustainability'
(ISBN: 978-1-955662-09-3)",Lai Yuxin,Oliver Sinclair,"Nov. 3, 2025"
CERT9781955662093CPT756793398,"in recognition of their invaluable contribution as an author for the successful publication of the chapter titled: The Adaptation Gap: Navigating the Real Crisis of the AI Revolution in the internationally published book
'Digital Symbiosis: Co-Evolving AI and Humanity in an Age of Sustainability'
(ISBN: 978-1-955662-09-3)",Meng Haoran,Oliver Sinclair,"Nov. 3, 2025"
CERT9781955662093CPT786843164,"in recognition of their invaluable contribution as an author for the successful publication of the chapter titled: The Adaptation Gap: Navigating the Real Crisis of the AI Revolution in the internationally published book
'Digital Symbiosis: Co-Evolving AI and Humanity in an Age of Sustainability'
(ISBN: 978-1-955662-09-3)",Wu Qingtian,Oliver Sinclair,"Nov. 3, 2025"
CERT9781955662093CPT392865739,"in recognition of their invaluable contribution as an author for the successful publication of the chapter titled: The Ethics of Using AI to Create Synthetic Realities for Sustainability Education in the internationally published book
'Digital Symbiosis: Co-Evolving AI and Humanity in an Age of Sustainability'
(ISBN: 978-1-955662-09-3)",Zhong Zihan,Oliver Sinclair,"Nov. 3, 2025"
CERT9781955662093CPT738171349,"in recognition of their invaluable contribution as an author for the successful publication of the chapter titled: The Ethics of Using AI to Create Synthetic Realities for Sustainability Education in the internationally published book
'Digital Symbiosis: Co-Evolving AI and Humanity in an Age of Sustainability'
(ISBN: 978-1-955662-09-3)",Lu Yichen,Oliver Sinclair,"Nov. 3, 2025"
CERT9781955662093CPT268566829,"in recognition of their invaluable contribution as an author for the successful publication of the chapter titled: Human-AI Collaboration in Urban Farming for Localized and Sustainable Food Systems in the internationally published book
'Digital Symbiosis: Co-Evolving AI and Humanity in an Age of Sustainability'
(ISBN: 978-1-955662-09-3)",Fan Yinuo,Oliver Sinclair,"Nov. 3, 2025"
CERT9781955662093CPT554319873,"in recognition of their invaluable contribution as an author for the successful publication of the chapter titled: Human-AI Collaboration in Urban Farming for Localized and Sustainable Food Systems in the internationally published book
'Digital Symbiosis: Co-Evolving AI and Humanity in an Age of Sustainability'
(ISBN: 978-1-955662-09-3)",Shi Zixuan,Oliver Sinclair,"Nov. 3, 2025"
CERT9781955662093CPT618215365,"in recognition of their invaluable contribution as an author for the successful publication of the chapter titled: AI-Powered Storytelling for a More Empathetic and Sustainable World in the internationally published book
'Digital Symbiosis: Co-Evolving AI and Humanity in an Age of Sustainability'
(ISBN: 978-1-955662-09-3)",Tan Minghao,Oliver Sinclair,"Nov. 3, 2025"
CERT9781955662093CPT591956673,"in recognition of their invaluable contribution as an author for the successful publication of the chapter titled: AI-Powered Storytelling for a More Empathetic and Sustainable World in the internationally published book
'Digital Symbiosis: Co-Evolving AI and Humanity in an Age of Sustainability'
(ISBN: 978-1-955662-09-3)",Mo Yuxin,Oliver Sinclair,"Nov. 3, 2025"
CERT9781955662093CPT164504330,"in recognition of their invaluable contribution as an author for the successful publication of the chapter titled: The Impact of AI on the Fashion Industry's Transition to Sustainability in the internationally published book
'Digital Symbiosis: Co-Evolving AI and Humanity in an Age of Sustainability'
(ISBN: 978-1-955662-09-3)",He Haichuan,Oliver Sinclair,"Nov. 3, 2025"
CERT9781955662093CPT188438088,"in recognition of their invaluable contribution as an author for the successful publication of the chapter titled: The Impact of AI on the Fashion Industry's Transition to Sustainability in the internationally published book
'Digital Symbiosis: Co-Evolving AI and Humanity in an Age of Sustainability'
(ISBN: 978-1-955662-09-3)",Nie Zihan,Oliver Sinclair,"Nov. 3, 2025"
CERT9781955662093CPT667211166,"in recognition of their invaluable contribution as an author for the successful publication of the chapter titled: The Symbiotic Relationship between AI and Space Exploration for Earth Sustainability in the internationally published book
'Digital Symbiosis: Co-Evolving AI and Humanity in an Age of Sustainability'
(ISBN: 978-1-955662-09-3)",Bao Yichen,Oliver Sinclair,"Nov. 3, 2025"
CERT9781955662093CPT355133409,"in recognition of their invaluable contribution as an author for the successful publication of the chapter titled: The Symbiotic Relationship between AI and Space Exploration for Earth Sustainability in the internationally published book
'Digital Symbiosis: Co-Evolving AI and Humanity in an Age of Sustainability'
(ISBN: 978-1-955662-09-3)",Gong Yinuo,Oliver Sinclair,"Nov. 3, 2025"
CERT9781955662093CPT261769986,"in recognition of their invaluable contribution as an author for the successful publication of the chapter titled: Human-AI Partnerships for the Restoration of Degraded Ecosystems in the internationally published book
'Digital Symbiosis: Co-Evolving AI and Humanity in an Age of Sustainability'
(ISBN: 978-1-955662-09-3)",Ruan Zixuan,Oliver Sinclair,"Nov. 3, 2025"
CERT9781955662093CPT286598503,"in recognition of their invaluable contribution as an author for the successful publication of the chapter titled: Human-AI Partnerships for the Restoration of Degraded Ecosystems in the internationally published book
'Digital Symbiosis: Co-Evolving AI and Humanity in an Age of Sustainability'
(ISBN: 978-1-955662-09-3)",Shao Minghao,Oliver Sinclair,"Nov. 3, 2025"
CERT9781955662093CPT644855732,"in recognition of their invaluable contribution as an author for the successful publication of the chapter titled: AI and the Future of Sustainable Packaging and Material Innovation in the internationally published book
'Digital Symbiosis: Co-Evolving AI and Humanity in an Age of Sustainability'
(ISBN: 978-1-955662-09-3)",Fu Yuxin,Oliver Sinclair,"Nov. 3, 2025"
CERT9781955662093CPT741635810,"in recognition of their invaluable contribution as an author for the successful publication of the chapter titled: AI and the Future of Sustainable Packaging and Material Innovation in the internationally published book
'Digital Symbiosis: Co-Evolving AI and Humanity in an Age of Sustainability'
(ISBN: 978-1-955662-09-3)",Kang Haoran,Oliver Sinclair,"Nov. 3, 2025"
CERT9781955662093CPT997038640,"in recognition of their invaluable contribution as an author for the successful publication of the chapter titled: The Ethics of AI-Driven Weather Modification for Climate Change Mitigation in the internationally published book
'Digital Symbiosis: Co-Evolving AI and Humanity in an Age of Sustainability'
(ISBN: 978-1-955662-09-3)",Peng Zihan,Oliver Sinclair,"Nov. 3, 2025"
CERT9781955662093CPT750728739,"in recognition of their invaluable contribution as an author for the successful publication of the chapter titled: The Ethics of AI-Driven Weather Modification for Climate Change Mitigation in the internationally published book
'Digital Symbiosis: Co-Evolving AI and Humanity in an Age of Sustainability'
(ISBN: 978-1-955662-09-3)",Tao Yichen,Oliver Sinclair,"Nov. 3, 2025"
CERT9781955662093CPT902052644,"in recognition of their invaluable contribution as an author for the successful publication of the chapter titled: The Symbiotic Home: AI and IoT for Sustainable Household Management in the internationally published book
'Digital Symbiosis: Co-Evolving AI and Humanity in an Age of Sustainability'
(ISBN: 978-1-955662-09-3)",Ying Yinuo,Oliver Sinclair,"Nov. 3, 2025"
CERT9781955662093CPT684141605,"in recognition of their invaluable contribution as an author for the successful publication of the chapter titled: The Symbiotic Home: AI and IoT for Sustainable Household Management in the internationally published book
'Digital Symbiosis: Co-Evolving AI and Humanity in an Age of Sustainability'
(ISBN: 978-1-955662-09-3)",Qi Zixuan,Oliver Sinclair,"Nov. 3, 2025"
CERT9781955662093CPT999477201,"in recognition of their invaluable contribution as an author for the successful publication of the chapter titled: Human-AI Collaboration in Sustainable Product Design and Lifecycle Management in the internationally published book
'Digital Symbiosis: Co-Evolving AI and Humanity in an Age of Sustainability'
(ISBN: 978-1-955662-09-3)",Chang Minghao,Oliver Sinclair,"Nov. 3, 2025"
CERT9781955662093CPT801232073,"in recognition of their invaluable contribution as an author for the successful publication of the chapter titled: Human-AI Collaboration in Sustainable Product Design and Lifecycle Management in the internationally published book
'Digital Symbiosis: Co-Evolving AI and Humanity in an Age of Sustainability'
(ISBN: 978-1-955662-09-3)",Ai Yuxin,Oliver Sinclair,"Nov. 3, 2025"
CERT9781955662093CPT677911434,"in recognition of their invaluable contribution as an author for the successful publication of the chapter titled: AI-Powered Early Warning Systems for Social and Environmental Tipping Points in the internationally published book
'Digital Symbiosis: Co-Evolving AI and Humanity in an Age of Sustainability'
(ISBN: 978-1-955662-09-3)",Lei Haoran,Oliver Sinclair,"Nov. 3, 2025"
CERT9781955662093CPT395889550,"in recognition of their invaluable contribution as an author for the successful publication of the chapter titled: AI-Powered Early Warning Systems for Social and Environmental Tipping Points in the internationally published book
'Digital Symbiosis: Co-Evolving AI and Humanity in an Age of Sustainability'
(ISBN: 978-1-955662-09-3)",Jing Zihan,Oliver Sinclair,"Nov. 3, 2025"
CERT9781955662093CPT303338572,"in recognition of their invaluable contribution as an author for the successful publication of the chapter titled: The Ethics of AI in Shaping Human Desires and Consumption for Sustainability in the internationally published book
'Digital Symbiosis: Co-Evolving AI and Humanity in an Age of Sustainability'
(ISBN: 978-1-955662-09-3)",Xi Yichen,Oliver Sinclair,"Nov. 3, 2025"
CERT9781955662093CPT358714317,"in recognition of their invaluable contribution as an author for the successful publication of the chapter titled: The Ethics of AI in Shaping Human Desires and Consumption for Sustainability in the internationally published book
'Digital Symbiosis: Co-Evolving AI and Humanity in an Age of Sustainability'
(ISBN: 978-1-955662-09-3)",Bi Yinuo,Oliver Sinclair,"Nov. 3, 2025"
CERT9781955662093CPT470717293,"in recognition of their invaluable contribution as an author for the successful publication of the chapter titled: The Symbiotic Classroom: AI as a Personalized Tutor for Sustainability Education in the internationally published book
'Digital Symbiosis: Co-Evolving AI and Humanity in an Age of Sustainability'
(ISBN: 978-1-955662-09-3)",Dou Zixuan,Oliver Sinclair,"Nov. 3, 2025"
CERT9781955662093CPT823372318,"in recognition of their invaluable contribution as an author for the successful publication of the chapter titled: The Symbiotic Classroom: AI as a Personalized Tutor for Sustainability Education in the internationally published book
'Digital Symbiosis: Co-Evolving AI and Humanity in an Age of Sustainability'
(ISBN: 978-1-955662-09-3)",Gu Minghao,Oliver Sinclair,"Nov. 3, 2025"
CERT9781955662093CPT843335500,"in recognition of their invaluable contribution as an author for the successful publication of the chapter titled: Human-AI Governance Models for the Sustainable Management of Global Commons in the internationally published book
'Digital Symbiosis: Co-Evolving AI and Humanity in an Age of Sustainability'
(ISBN: 978-1-955662-09-3)",Yuan Chenfei,Oliver Sinclair,"Nov. 3, 2025"
CERT9781955662093CPT533848391,"in recognition of their invaluable contribution as an author for the successful publication of the chapter titled: Human-AI Governance Models for the Sustainable Management of Global Commons in the internationally published book
'Digital Symbiosis: Co-Evolving AI and Humanity in an Age of Sustainability'
(ISBN: 978-1-955662-09-3)",Lou Haoran,Oliver Sinclair,"Nov. 3, 2025"
CERT9781955662093CPT895624745,"in recognition of their invaluable contribution as an author for the successful publication of the chapter titled: AI-Assisted Negotiation and Conflict Resolution for Environmental Agreements in the internationally published book
'Digital Symbiosis: Co-Evolving AI and Humanity in an Age of Sustainability'
(ISBN: 978-1-955662-09-3)",Niu Zihan,Oliver Sinclair,"Nov. 3, 2025"
CERT9781955662093CPT218984994,"in recognition of their invaluable contribution as an author for the successful publication of the chapter titled: AI-Assisted Negotiation and Conflict Resolution for Environmental Agreements in the internationally published book
'Digital Symbiosis: Co-Evolving AI and Humanity in an Age of Sustainability'
(ISBN: 978-1-955662-09-3)",Pei Yichen,Oliver Sinclair,"Nov. 3, 2025"
CERT9781955662093CPT531527669,"in recognition of their invaluable contribution as an author for the successful publication of the chapter titled: The Ethics of AI in Geoengineering and Large-Scale Climate Interventions in the internationally published book
'Digital Symbiosis: Co-Evolving AI and Humanity in an Age of Sustainability'
(ISBN: 978-1-955662-09-3)",Qiu Yinuo,Oliver Sinclair,"Nov. 3, 2025"
CERT9781955662093CPT650208566,"in recognition of their invaluable contribution as an author for the successful publication of the chapter titled: The Ethics of AI in Geoengineering and Large-Scale Climate Interventions in the internationally published book
'Digital Symbiosis: Co-Evolving AI and Humanity in an Age of Sustainability'
(ISBN: 978-1-955662-09-3)",Rao Zixuan,Oliver Sinclair,"Nov. 3, 2025"
CERT9781955662093CPT406764264,"in recognition of their invaluable contribution as an author for the successful publication of the chapter titled: Augmenting Humanity: AI as a Catalyst for Creative and Scholarly Expansion in the internationally published book
'Digital Symbiosis: Co-Evolving AI and Humanity in an Age of Sustainability'
(ISBN: 978-1-955662-09-3)",Shi Wenqing,Oliver Sinclair,"Nov. 3, 2025"
CERT9781955662093CPT973744425,"in recognition of their invaluable contribution as an author for the successful publication of the chapter titled: Augmenting Humanity: AI as a Catalyst for Creative and Scholarly Expansion in the internationally published book
'Digital Symbiosis: Co-Evolving AI and Humanity in an Age of Sustainability'
(ISBN: 978-1-955662-09-3)",Shi Yanxuan,Oliver Sinclair,"Nov. 3, 2025"
CERT9781955662093CPT123146949,"in recognition of their invaluable contribution as an author for the successful publication of the chapter titled: AI’s ""Binary Exclusion"": Digital Literacy as the New Cornerstone of Equity in the internationally published book
'Digital Symbiosis: Co-Evolving AI and Humanity in an Age of Sustainability'
(ISBN: 978-1-955662-09-3)",Xu Kexuan,Oliver Sinclair,"Nov. 3, 2025"
CERT9781955662093CPT187504336,"in recognition of their invaluable contribution as an author for the successful publication of the chapter titled: AI’s ""Binary Exclusion"": Digital Literacy as the New Cornerstone of Equity in the internationally published book
'Digital Symbiosis: Co-Evolving AI and Humanity in an Age of Sustainability'
(ISBN: 978-1-955662-09-3)",Wang Han,Oliver Sinclair,"Nov. 3, 2025"
CERT9781955662093CPT984204097,"in recognition of their invaluable contribution as an author for the successful publication of the chapter titled:  in the internationally published book
'Digital Symbiosis: Co-Evolving AI and Humanity in an Age of Sustainability'
(ISBN: 978-1-955662-09-3)",Jin Ziyi,Oliver Sinclair,"Nov. 3, 2025"
CERTEVT989354916,"in recognition of their valuable participation in the

China SDG Institute
Youth Sustainable Design Competition 2025",Xue Rou,Haishan Fu,"Nov. 3, 2025"
CERTEVT440602337,"in recognition of their valuable participation in the

China SDG Institute
Youth Sustainable Design Competition 2025",Shi Wenqing,Haishan Fu,"Nov. 3, 2025"
,,,,
,,,,
,,,,
,,,,
,,,,
,,,,
,,,,
,,,,
,,,,
,,,,
,,,,
,,,,
,,,,
,,,,
,,,,
,,,,
,,,,
,,,,
,,,,
,,,,
,,,,
,,,,
,,,,
,,,,
,,,,
,,,,
,,,,
,,,,
,,,,
,,,,
,,,,
,,,,
,,,,
,,,,
,,,,
,,,,
,,,,
,,,,
,,,,
,,,,
,,,,
,,,,
,,,,
,,,,
,,,,
,,,,
,,,,
,,,,
,,,,
,,,,
,,,,
,,,,
,,,,
,,,,
,,,,
,,,,
,,,,
,,,,
,,,,
,,,,
,,,,
,,,,
,,,,
,,,,
,,,,
,,,,
,,,,
,,,,
,,,,
,,,,
,,,,
,,,,
,,,,
,,,,
,,,,
,,,,
,,,,
,,,,
,,,,
,,,,
,,,,
,,,,
,,,,
,,,,
,,,,
,,,,
,,,,
,,,,
,,,,
,,,,
,,,,
,,,,
,,,,
,,,,
,,,,
,,,,
,,,,
,,,,
,,,,
,,,,
,,,,
,,,,
,,,,
,,,,
,,,,
,,,,
,,,,
,,,,
,,,,
,,,,
,,,,
,,,,
,,,,
,,,,
,,,,
,,,,
,,,,
,,,,
,,,,
,,,,
,,,,
,,,,
,,,,
,,,,
,,,,
,,,,
,,,,
,,,,
,,,,
,,,,
,,,,
,,,,
,,,,
,,,,
,,,,
,,,,
,,,,
,,,,
,,,,
,,,,
,,,,
,,,,
,,,,
,,,,
,,,,
,,,,
,,,,
,,,,
,,,,
,,,,
,,,,
,,,,
,,,,
,,,,
,,,,
,,,,
,,,,
,,,,
,,,,
,,,,
,,,,
,,,,
,,,,
,,,,
,,,,
,,,,
,,,,
,,,,
,,,,
,,,,
,,,,
,,,,
,,,,
,,,,
,,,,
,,,,
,,,,
,,,,
,,,,
,,,,
,,,,
,,,,
,,,,
,,,,
,,,,
,,,,
,,,,
,,,,
,,,,
,,,,
,,,,
,,,,
,,,,
,,,,
,,,,
,,,,
,,,,
,,,,
,,,,
,,,,
,,,,
,,,,
,,,,
,,,,
,,,,
,,,,
,,,,
,,,,
,,,,
,,,,
,,,,
,,,,
,,,,
,,,,
,,,,
,,,,
,,,,
,,,,
,,,,
,,,,
,,,,
,,,,
,,,,
,,,,
,,,,
,,,,
,,,,
,,,,
,,,,
,,,,
,,,,
,,,,
,,,,
,,,,
,,,,
,,,,
,,,,
,,,,
,,,,
,,,,
,,,,
,,,,
,,,,
,,,,
,,,,
,,,,
,,,,
,,,,
,,,,
,,,,
,,,,
,,,,
,,,,
,,,,
,,,,
,,,,
,,,,
,,,,
,,,,
,,,,
,,,,
,,,,
,,,,
,,,,
,,,,
,,,,
,,,,
,,,,
,,,,
,,,,
,,,,
,,,,
,,,,
,,,,
,,,,
,,,,
,,,,
,,,,
,,,,
,,,,
,,,,
,,,,
,,,,
,,,,
,,,,
,,,,
,,,,
,,,,
,,,,
,,,,
,,,,
,,,,
,,,,
,,,,
,,,,
,,,,
,,,,
,,,,
,,,,
,,,,
,,,,
,,,,
,,,,
,,,,
,,,,
,,,,
,,,,
,,,,
,,,,
,,,,
,,,,
,,,,
,,,,
,,,,
,,,,
,,,,
,,,,
,,,,
,,,,
,,,,
,,,,
,,,,
,,,,
,,,,
,,,,
,,,,
,,,,
,,,,
,,,,
,,,,
,,,,
,,,,
,,,,
,,,,
,,,,
,,,,
,,,,
,,,,
,,,,
,,,,
,,,,
,,,,
,,,,
,,,,
,,,,
,,,,
,,,,
,,,,
,,,,
,,,,
,,,,
,,,,
,,,,
,,,,
,,,,
,,,,
,,,,
,,,,
,,,,
,,,,
,,,,
,,,,
,,,,
,,,,
,,,,
,,,,
,,,,
,,,,
,,,,
,,,,
,,,,
,,,,
,,,,
,,,,
,,,,
,,,,
,,,,
,,,,
,,,,
,,,,
,,,,
,,,,
,,,,
,,,,
,,,,
,,,,
,,,,
,,,,
,,,,
,,,,
,,,,
,,,,
,,,,
,,,,
,,,,
,,,,
,,,,
,,,,
,,,,
,,,,
,,,,
,,,,
,,,,
,,,,
,,,,
,,,,
,,,,
,,,,
,,,,
,,,,
,,,,
,,,,
,,,,
,,,,
,,,,
,,,,
,,,,
,,,,
,,,,
,,,,
,,,,
,,,,
,,,,
,,,,
,,,,
,,,,
,,,,
,,,,
,,,,
,,,,
,,,,
,,,,
,,,,
,,,,
,,,,
,,,,
,,,,
,,,,
,,,,
,,,,
,,,,
,,,,
,,,,
,,,,
,,,,
,,,,
,,,,
,,,,
,,,,
,,,,
,,,,
,,,,
,,,,
,,,,
,,,,
,,,,
,,,,
,,,,
,,,,
,,,,
,,,,
,,,,
,,,,
,,,,
,,,,
,,,,
,,,,
,,,,
,,,,
,,,,
,,,,
,,,,
,,,,
,,,,
,,,,
,,,,
,,,,
,,,,
,,,,
,,,,
,,,,
,,,,
,,,,
,,,,
,,,,
,,,,
,,,,
,,,,
,,,,
,,,,
,,,,
,,,,
,,,,
,,,,
,,,,
,,,,
,,,,
,,,,
,,,,
,,,,
,,,,
,,,,
,,,,
,,,,
,,,,
,,,,
,,,,
,,,,
,,,,
,,,,
,,,,
,,,,
,,,,
,,,,
,,,,
,,,,
,,,,
,,,,
,,,,
,,,,
,,,,
,,,,
,,,,
,,,,
,,,,
,,,,
,,,,
,,,,
,,,,
,,,,
,,,,
,,,,
,,,,
,,,,
,,,,
,,,,
,,,,
,,,,
,,,,
,,,,
,,,,
,,,,
,,,,
,,,,
,,,,
,,,,
,,,,
,,,,
,,,,
,,,,
,,,,
,,,,
,,,,
,,,,
,,,,
,,,,
,,,,
,,,,
,,,,
,,,,
,,,,
,,,,
,,,,
,,,,
,,,,
,,,,
,,,,
,,,,
,,,,
,,,,
,,,,
,,,,
,,,,
,,,,
,,,,
,,,,
,,,,
,,,,
,,,,
,,,,
,,,,
,,,,
,,,,
,,,,
,,,,
,,,,
,,,,
,,,,
,,,,
,,,,
,,,,
,,,,
,,,,
,,,,
,,,,
,,,,
,,,,
,,,,
,,,,
,,,,
,,,,
,,,,
,,,,
,,,,
,,,,
,,,,
,,,,
,,,,
,,,,
,,,,
,,,,
,,,,
,,,,
,,,,
,,,,
,,,,
,,,,
,,,,
,,,,
,,,,
,,,,
,,,,
,,,,
,,,,
,,,,
,,,,
,,,,
,,,,
,,,,
,,,,
,,,,
,,,,
,,,,
,,,,
,,,,
,,,,
,,,,
,,,,
,,,,
,,,,
,,,,
,,,,
,,,,
,,,,
,,,,
,,,,
,,,,
,,,,
,,,,
,,,,
,,,,
,,,,
,,,,
,,,,
,,,,
,,,,
,,,,
,,,,
,,,,
,,,,
,,,,
,,,,
,,,,
,,,,
,,,,
,,,,
,,,,
,,,,
,,,,
,,,,
,,,,
,,,,
,,,,
,,,,
,,,,
,,,,
,,,,
,,,,
,,,,
,,,,
,,,,
,,,,
,,,,
,,,,
,,,,
,,,,
,,,,
,,,,
,,,,
,,,,
,,,,
,,,,
,,,,
,,,,
,,,,
,,,,
,,,,
,,,,
,,,,
,,,,
,,,,
,,,,
,,,,
,,,,
,,,,
,,,,
,,,,
,,,,
,,,,
,,,,
,,,,
,,,,
,,,,
,,,,
,,,,
,,,,
,,,,
,,,,
,,,,
,,,,
,,,,
,,,,
,,,,
,,,,
,,,,
,,,,
,,,,
,,,,
,,,,
,,,,
,,,,
,,,,
,,,,
,,,,
,,,,
,,,,
,,,,
,,,,
,,,,
,,,,
,,,,
,,,,
,,,,
,,,,
,,,,
,,,,
,,,,
,,,,
,,,,
,,,,
,,,,
,,,,
,,,,
,,,,
,,,,
,,,,
,,,,
,,,,
,,,,
,,,,
,,,,
,,,,
,,,,
,,,,
,,,,